{"cameraMode":{"drawMode":0,"name":"Shaded","section":"Shading Mode"},"sceneLighting":true,"audioPlay":false,"sceneViewState":{"m_AlwaysRefresh":false,"showFog":false,"showSkybox":false,"showFlares":false,"showImageEffects":false,"showParticleSystems":false,"showVisualEffectGraphs":false,"m_FxEnabled":true},"in2DMode":false,"pivot":{"x":-24.8076114654541,"y":-176.94329833984376,"z":17.377017974853517},"rotation":{"x":-0.0018614237196743489,"y":0.7232441306114197,"z":-0.6905930042266846,"w":-0.001954802544787526},"size":120.00730895996094,"orthographic":false}